Body Silo,MATERIAL,A,B,C,D,E
Baby Crewneck,FLEECE,,,HOMAGE FLEECE NBF,HOMAGE Fleece NO BLACK,
Crewneck,FLEECE,,,HOMAGE FLEECE NBF,HOMAGE Fleece NO BLACK,
Hoodie,FLEECE,,,HOMAGE FLEECE NBF,HOMAGE Fleece NO BLACK,
Jogger,FLEECE,,,HOMAGE FLEECE NBF,HOMAGE Fleece NO BLACK,
Sweat Shorts,FLEECE,,,HOMAGE FLEECE NBF,HOMAGE Fleece NO BLACK,
Sweatpants,FLEECE,,,HOMAGE FLEECE NBF,HOMAGE Fleece NO BLACK,
Women's Crewneck,FLEECE,,,HOMAGE FLEECE NBF,HOMAGE Fleece NO BLACK,
Women's Hoodie,FLEECE,,,HOMAGE FLEECE NBF,HOMAGE Fleece NO BLACK,
Women's Sweat Shorts,FLEECE,,,HOMAGE FLEECE NBF,HOMAGE Fleece NO BLACK,
Youth Crewneck,FLEECE,,,HOMAGE FLEECE NBF,HOMAGE Fleece NO BLACK,
Youth Hoodie,FLEECE,,,HOMAGE FLEECE NBF,HOMAGE Fleece NO BLACK,
Youth Jogger,FLEECE,,,HOMAGE FLEECE NBF,HOMAGE Fleece NO BLACK,
Baby One Piece,TEE,,,HOMAGE W50 NB,HOMAGE W50 NO BLACK,HOMAGE W75
Lightweight Hoodie,TEE,,,HOMAGE W50 NB,HOMAGE W50 NO BLACK,HOMAGE W75
Long Sleeve Tee,TEE,,,HOMAGE W50 NB,HOMAGE W50 NO BLACK,HOMAGE W75
Tank Top,TEE,,,HOMAGE W50 NB,HOMAGE W50 NO BLACK,HOMAGE W75
Tee,TEE,,,HOMAGE W50 NB,HOMAGE W50 NO BLACK,HOMAGE W75
Women's Racerback,TEE,,,HOMAGE W50 NB,HOMAGE W50 NO BLACK,HOMAGE W75
Women's Tee,TEE,,,HOMAGE W50 NB,HOMAGE W50 NO BLACK,HOMAGE W75
Youth Long Sleeve Tee,TEE,,,HOMAGE W50 NB,HOMAGE W50 NO BLACK,HOMAGE W75
Youth Tee,TEE,,,HOMAGE W50 NB,HOMAGE W50 NO BLACK,HOMAGE W75